{
    "rmse": 0.7037435063583978,
    "mae": 0.5643953022558924,
    "r2": 0.242156874897397
}